ID в ИС ГТИБД,Вид объекта,Название,Тип учреждения,Описание,Историческая справка,Заметки
3284,сады и парки,александровский сад,обзорные,сад в адмиралтейском районе санкт-петербурга расположен в самом центре города окружая адмиралтейство с юга и запада сад открыт в 1874 году назван в честь императора александра ii в составе исторической застройки центра санкт-петербурга сад включён в список всемирного наследия,cад в адмиралтейском районе санкт-петербурга расположен в самом центре города окружая адмиралтейство с юга и запада сад открыт в 1874 году назван в честь императора александра,
3297,сады и парки,исаакиевский сквер,обзорные,классический образец садово-паркового ансамбля второй половины xix века площадь сквера - 0 77 га сквер расположен в историческом центре города рядом с исаакиевским собором в композицию включен памятник николаю i памятник был первой в европе конной статуей имеющей только две точки опоры и благодаря этой инженерной особенности он не был уничтожен в советское время своими фасадами к исаакиевскому скверу обращены гостиница астория со дня своего открытия считавшаяся самой комфортабельной гостиницей петербурга и гостиница англетер где трагически оборвалась жизнь с есенина у исаакиевского сквера через реку мойку перекинут синий мост - один из цветных мостов и самый широкий мост в петербурге во время блокады ленинграда в клумбах сквера выращивали овощи у синего моста у дома 44 по большой морской улице находится водомерный столб с отметками уровней крупнейших наводнений в истории города самым крупным было наводнение 1824 года вода поднялась на 421 см на столбе также установлены солнечные часы,исаакиевская площадь - площадь расположенная в адмиралтейском муниципальном округе адмиралтейского района санкт-петербурга с севера ограничена адмиралтейским проспектом с юга - мариинским дворцом наряду с дворцовой и сенатской площадями исаакиевскую традиционно относят к архитектурному ансамблю центральных площадей города из-за размещения в мариинском дворце законодательного собрания санкт-петербурга исаакиевская площадь считается главной административной в составе исторической застройки центра санкт-петербурга площадь включена в список всемирного наследия площадь обладает большим культурно-историческим значением - здесь расположено множество памятников истории и архитектуры xix-xx веков в том числе исаакиевский собор мариинский дворец гостиницы астория и англетер соседство с основными достопримечательностями и престижными отелями города делает исаакиевскую площадь привлекательной для туристов почтовый индекс строений на площади - 190000 и 190107 26 мая 2013 года на площади прошло празднование 310-летие со дня основания санкт-петербурга которое может внести исаакиевскую площадь в книгу рекордов гиннесса,
4110,сады и парки,московский парк победы,гос городское учреждение,московский парк победы – один из крупнейших парков санкт-петербурга его площадь составляет почти 70 гектаров парк был заложен 7 октября 1945 года в ознаменование победы над гитлеровской германией в тот день десятки тысяч горожан пришли сюда на московский проспект чтобы у бывшей фронтовой дороги недалеко от переднего края обороны создать живой памятник победы в обращении говорилось пусть каждый ленинградец своими руками посадит дерево победы пусть будет пышнее и ярче зелёный наряд нашего города пусть парки победы созданные руками ленинградцев будут говорить нашим детям и внукам многим грядущим поколениям о нашей великой победе над врагами родины прошло много лет как здесь были высажены первые саженцы и там где некогда простиралось болото с пустырями появились аллеи рощи и поляны пруды с зеркально чистой водой и живописные каналы живая ограда парка тянется зелёной полосой на 800 метров вдоль московского проспекта и вносит своеобразную декоративную разрядку в его строгую застройку главный вход в парк оформлен торжественными пропилеями-колоннадами внутренние стены их украшены шестью бронзовыми барельефами отражающими подвиги советского народа на фронте и в тылу центральная аллея парка победы приводит к величественному фонтану венок славы одному из самых высоких в городе в зимнее время работает каток,парк в честь победы в великой отечественной войне в московском районе санкт-петербурга,
4111,сады и парки,парк сосновка,негосударственное учреждение,площадь парка составляет 302 га парк был основан в 1960-х годах парк ухожен приспособлен для пеших прогулок в парке есть теннисные корты прокат коньков велосипедов,парк в выборгском районе санкт-петербурга площадь парка составляет 302 га 1 ограничен проспектами северным тихорецким светлановским и тореза а также улицей есенина,
4112,сады и парки,приморский парк победы,негосударственное учреждение,приморский парк победы был заложен 7 октября 1945 года в ознаменование победы в великой отечественной войне на месте сегодняшнего приморского парка победы в допетровские времена располагались хуторские острова отделенные друг от друга болотами и мелколесьем первые парковые работы начались в начале хviii века когда петербург бурно строился и рос с каждым днем а крестовский остров принадлежал губернатору александру меншикову в 1852 году был создан дворцово-парковый ансамбль князей белосельских-белозерских по проекту академика архитектуры а и штакеншнейдера после октябрьской революции крестовский остров вошел в состав приморской части которая по плану развития предполагалась к созданию садово-парковой зоны - зеленый пояс ленинграда в 1931 году правительством города было принято решение о создании на крестовском острове парка культуры и отдыха для проведения массовых праздничных и спортивных мероприятий в 1932 году проектирование было поручено мастерской а с никольского первоначальный проект предполагал регулярную планировку большое количество спортивных сооружений весной 1945 года было принято решение о создании в ленинграде двух парков победы - московского и приморского под приморский парк победы посвященный морским победам в великой отечественной войне мастерской академика архитектуры а с никольского отвели западную часть крестовского острова с 1988 года приморский парк победы включен в государственный список памятников истории и культуры регионального значения,приморский парк победы был заложен 7 октября 1945 года в ознаменование победы нашего народа в великой отечественной войне весной 1945 года было принято решение о создании в г ленинграде двух парков победы – московского и приморского под приморский парк победы посвященный морским победам в великой отечественной войне мастерской академика архитектуры отвели западную часть крестовского острова 7 октября 1945 года состоялась торжественная закладка приморского парка победы в первый послевоенный год жителями города пережившего 900 блокадных дней и ночей и его защитниками было высажено 45 тысяч деревьев и 50 тысяч кустарников до настоящего времени в парке бережно сохраняются памятные места посвященные великой отечественной войне скульптуры - моряк черноморец и девушка встречающая победителя дот и памятная стела на южной дороге в 1966 году заложена аллея городов побратимов с посадкой дубовой аллеи и установкой закладных камней с названием города - побратима с 2004 года традиция закладки аллеи продолжается с 1988 года приморский парк победы включен в государственный список памятников истории и культуры регионального значения,
4113,сады и парки,удельный парк,негосударственное учреждение,дельный парк - один из самых крупных парков петербурга расположенный на севере города парк расположен на двух террасах разделённых уступом высотой 5-6 метров представляющем собой берег древнего моря уступ прорезают овраги по которым текут ручьи под уступом находятся обширные поляны парк является посещаемым местом отдыха особенно удобна для пеших прогулок и занятий спортом верхняя более сухая часть парка зимой проходящая по парку терраса используется для катания с гор на лыжах исанках в парке находится так называемый бельчатник - небольшой участок леса неподалёку от центральной аллеи огороженный железной решёткой близлежащая территория обильно увешена птичьими кормушками здесь можно покормить с руки птиц и белок в восточной части парка летом работают аттракционы в 1999 году удельный парк отнесён к выявленным памятникам культурного наследия как объект ландшафтной архитектуры а в 2013 году был признан объектом культурного наследия регионального значения в удельном парке находится тренировочная база фк зенит,парк расположенный в северной части санкт-петербурга на территории ограниченной проспектом энгельса проспектом испытателей коломяжским проспектом а также улицей аккуратова парк находится на двух больших террасах разделенных большим уступом уступ прорезают овраги по которым вниз стекают ручейки в парке растет несколько десятков видов деревьев береза черная ольха осина рябина старые сосны и ели лиственница липа дуб ясень вяз на верхней террасе есть также пруд - он находится на краю склона и отделен от него плотиной в 1999 году удельный парк отнесён к выявленным памятникам культурного наследия как объект ландшафтной архитектуры а в 2013 году был признан объектом культурного наследия регионального значения в удельном парке находится тренировочная база фк зенит,
4114,сады и парки,оао южно-приморский парк,негосударственное учреждение,крупный парк в красносельском районе санкт-петербурга занимает участок зелёных насаждений площадью 58 га,крупный парк в красносельском районе санкт-петербурга занимает участок зелёных насаждений площадью 58 га между петергофским шоссе улицей доблести финским заливом и рекой ивановкой парк был создан в 1960-1970 годах к столетию в и ленина коллективом под руководством архитектора а г лелякова аллеи регулярной части южно-приморского парка засажены елями пихтами липами дубами вязами конскими каштанами плакучими ивами а пейзажная больше напоминает кусок леса на двух искусственных прудах соединённых вместе каналом имеются небольшие островки,
4115,сады и парки,парк 300-летия санкт-петербурга,гос городское учреждение,парк расположен в северо-западной части санкт-петербурга общая площадь - 91 га центральным объектом парка являются бассейн и фонтаны а также стилизованная под маяк колонна из гранита высотой 22 метра,,
4116,сады и парки,парк культуры и отдыха дубки,гос районное учреждение,центральный парк культуры и отдыха города сестрорецка в парке осуществляется прокат велосипедов и роликов прокат веломобилей призовой тир в зимнее время на территории парка заливается каток организовывается прокат лыж коньков и финских саней,,
4117,сады и парки,парк культуры и отдыха екатерингоф,гос городское учреждение,екатерингоф - исторический пейзажный парк на юго-западе адмиралтейского района санкт-петербурга ведущий свою историю с петровского времени когда в устье речки екатерингофки был выстроен подзорный дворец,,
4118,сады и парки,парк культуры и отдыха г колпино,гос районное учреждение,парк площадью около 20 га на реке ижора на территории парка находятся аттракционы лодочная станция сцена,,
4119,сады и парки,центральный парк культуры и отдыха им с м кирова,гос городское учреждение,парк на елагином острове в санкт-петербурге основан 5 августа 1932 года,,
13795,сады и парки,летний сад,,заложенный в 1704 г по указу петра i летний сад представлял собой прекрасный образец регулярного парка самый настоящий дворец под открытым небом с трельяжными решетками и шпалерами из зелени зелеными кабинетами аллеями цветочными партерами фонтанами и скульптурой после разрушительных наводнений 1777 и 1824 годов летний сад практически утратил все убранство xviii века и принял вид пейзажного парка в нем появились новые сооружения кофейный и чайный домики а в 1855 г в саду был установлен памятник и а крылову в мае 2012 г сад был открыт после реконструкции теперь здесь воссозданы разрушенные наводнением еще в конце xviii в фонтаны один из них подлинный фонтан первой половины xviii столетия лакоста можно увидеть в специальном павильоне воспроизведены прежняя планировка прежнее зеленое убранство реставрирована красивейшая ограда созданная по проекту ю фельтена и п егорова сейчас оригинальная скульптура летнего сада заменена на точные копии поскольку мрамор оказался слишком хрупким и нежным материалом для сурового северного климата оригиналы скульптур размещены сейчас в михайловском замке на берегу фонтанки недалеко от невской ограды находится летний дворец петра i это единственное сооружение в летнем саду сохранившееся с xviii века дворец был построен в 1710-1712 гг по проекту доменико трезини с трех сторон его омывала вода нева - с севера нева тогда подступала ко дворцу вплотную фонтанка - с востока с юга – гаванец и дворец лишь западным фасадом был обращен в сторону парка гаванец был восстановлен реставраторами русского музея это искусственная гавань которая существовала перед дворцом с момента его постройки в 1710 г он использовался для подхода к летнему дворцу на небольших судах и был засыпан при строительстве гранитной набережной фонтанки в 80-х годах xviii в летний дворец помнит все наводнения санкт-петербурга и помнит самое страшное из них случившееся 7 ноября 1824 г когда вода в неве поднялась на 421 м отметка уровня воды увековечена здесь памятной табличкой,,
13796,сады и парки,михайловский сад,,михайловский сад один из редчайших памятников ландшафтной архитектуры xviii - первой трети xix вв представляющий собой уникальное сочетание двух разных стилей садово-паркового искусства на одной территории - регулярного или французского и пейзажного или английского во времена петра i территория на которой теперь располагается михайловский сад называлась шведским садом он был подарен императором супруге екатерине на том месте где сейчас находится павильон-пристань построенный по проекту к росси наб р мойки располагался дворец императрицы золотые хоромы в середине xviii столетия во времена правления елизаветы петровны было проведено переустройство сада по проекту ф -б растрелли сохранившиеся до наших дней в юго-восточной части сада два больших водоема имели геометрическую форму а за ними располагался большой сад-лабиринт простиравшийся до самого невского проспекта в xix в сад меняет свой облик с регулярного на пейзажный и становится частью ансамбля михайловского дворца - яркого примера архитектурного единства здания и природного ландшафта созданного по замыслу великого зодчего карла росси михайловский сад был закрытым частным владением и стал доступен для посещения горожан с момента основания русского музея в 1895 году в 1999 году практически полностью утратив свой исторический облик стал частью русского музея xxi век - точка отсчета новейшей истории михайловского сада пройдя масштабную реконструкцию он начал свою жизнь не только как уникальный памятник ландшафтной архитектуры но и как современное музейное пространство своеобразный зеленый зал под открытым небом,,
13797,сады и парки,юсуповский сад,,в юсуповском саду большой пруд затейливой формы чугунные мосты ведут на три островка с фонарями и скамейками сад примечателен тем что в середине xix века здесь был открыт первый в городе общественный каток а с 1890 года на нем регулярно проводились российские и европейские чемпионаты по фигурному катанию и конькобежному спорту катка сейчас нет зато на дорожках не переводятся любители бега трусцой в глубине сада расположен особняк по проекту кваренги принадлежавший роду юсуповых до 1810 года в настоящее время особняк и сад приведены в порядок но дальнейшая судьба этого места не до конца решена есть предложения устроить в саду развлекательный центр концертную площадку или теннисные корты,,
13798,сады и парки,ботанический сад,,история петербургского ботанического сада началась как раз в то время в 1714 году только назывался тогда он аптекарский огород по замыслу царя-реформатора здесь предполагалось выращивать в первую очередь как и следует из названия лекарственные травы но не только редкие и интересные заморские растения также попадали сюда более того собирание куриозных и чуждых растений было одной из обязанностей его сотрудников коллекции ширились богатели одни растения выписывались из-за границы другие привозились учеными из экспедиций в 1823 году аптекарский огород петра i стал императорским ботаническим садом именно тогда он и прекратил снабжать аптеки города наисвежайшим лекарственным сырьем но отныне возможности для коллекционирования в силу возросшего финансирования увеличились к середине века собрание ботанического сада петербурга было одним из богатейших в мире даже несмотря на страшное наводнение 1824 года уничтожившее многие ценные экземпляры к сожалению это был не последний случай массовой гибели экспонатов музея флоры в великую отечественную войну несмотря на усилия его сотрудников погибли тысячи растений почти все пришлось начинать сначала ботанический сад на аптекарском острове прекрасен в любое время года парк окружающий оранжереи например особенно великолепен летом расцветают тысячи цветов привезенные со всего света хотя справедливости ради надо сказать что весна и осень тоже радуют глаз многообразием оттенков цветочных лепестков и листвы распускающейся или же наоборот увядающей,,
13799,сады и парки,пкио им и в бабушкина,,парк культуры и отдыха им и в бабушкина является одним из старейших зеленых массивов невского района петербурга и излюбленным местом отдыха жителей невской заставы основание парка можно исчислять со времен екатерины ii на территории находится крытый ледовый каток который работает круглый год бесплатные инструкторы кроме того есть аттракционы детская площадка батуты,,
13800,сады и парки,шуваловский парк,,шуваловский парк почти примыкает к новостройкам начинается сразу за суздальским проспектом выглядит как лес но с дорожками холмами и водоемами на территории парка вырыты пруды шапка наполеона и рубаха наполеона в соответствии с их формой это популярное место для летнего пляжного отдыха горожан на территории парка находятся дворец воронцовых-дашковых и церковь св петра и павла при имении шуваловых здание церкви построено в 1831-1846 гг проекту архитектора а п брюлова храм построен в готическом стиле церковь была закрыта в 1932 году служба возобновлена в 1990 году парк сохранил название от фамилии прежнего владельца этих мест в первой половине xix века расположенное на западном берегу нижнего озера село суздальское приобрел граф а п шувалов племянник известного в xviii веке государственного деятеля президента академии художеств и и шувалова новый хозяин построил здесь дворец и разбил сад в последней четверти xix века шуваловские земли были куплены так называемым товариществом на паях это общество строило дачи а отдельные участки имения сдавало в аренду,,
13801,сады и парки,муринский парк,,решение о создании в пойме ручья зоны отдыха было принято ещё в 1980-х годах однако долгое время оставалось лишь на бумаге активные работы по рекультивации земли и русла начались в начале 2000-х годов первая очередь была создана в верховьях в районе к западу от светлановского проспекта территория муринского парка 1-й и 2-й очередей строительства составляет общую площадь – 115 33 га примерно 1 6 часть общей площади зеленых насаждений калининского района 1 августа 2009 года в муринском парке появилась первая в петербурге велодорожка зимой 2012-2013 годов на территории 1-й и 2-й очередей парка было установлено светодиодное освещение,,
13802,сады и парки,александровский парк,,александровский парк одним из первых в петербурге стал публичным в императорской россии это было местом для народных гуляний ресторан при монетном дворе и даже пространство для выставок достижений хозяйства в начале 20 века по инициативе императрицы александры федоровны здесь построили ортопедический клинический институт здание украшала майолика богоматерь с младенцем созданная по эскизу петрова-водкина сегодня александровский парк окружен трамвайными линиями между тем первые трамваи по этому маршруту прошли в 1914 году в 1923 году парк из александровского превратился в парк ленина а спустя 40 лет здесь открыли станцию метро горьковская в начале 21 века в александровском парке появился мини-петербург макеты всех важных,,
13803,сады и парки,измайловский сад,,измайловский сад был одним из первых регулярных садов петербурга с 1724 года на его месте располагалась усадьба ближайшего сподвижника петра великого книзя румянцева а при екатерине ii собственником земли и дома стал платон зубов фаворит императрицы превратил садик у дома в роскошный парк и к началу xix века он стал пейзажным а не регулярным тогда же сад и получил свое название поскольку рядом на набережной фонтанки находились казармы измайловского гвардейского полка вплоть до 1911 года измайловский сад был купеческим владением в 1835 году усадьбу приобрел купец тарасов и через 50 лет земля оказалась в аренде у немецкого клуба шустер тогда сад и стал театральным в нем располагался ресторан сцена где выступали артисты и гимнасты и место для духового оркестра в конце века парк арендовал ярославский купец тумпаков он снес все немецкие постройки и возвел новые ресторан и эстраду а в 1910 году открыл театр буфф после революции измайловский сад остался одной из развлекательных площадок города театр буфф упразднили но павильон оставили там проходили шахматные турниры и устраивались танцы во время блокады сад выполнял функции огорода в 1980 году в измайловском саду появился молодежный театр сегодня это молодежный театр на фонтанке - возведенное после реконструкции трехэтажное здание,,
13804,сады и парки,таврический сад,,сад в романтическом стиле был разбит на территории усадьбы князя григория потемкина-таврического фаворита екатерины ii в 1783-1800 годах - одновременно с возведением таврического дворца архитектором иваном старовым помимо старова планировкой занимался английский садовый мастер уильям гульд были насыпаны искусственные видовые холмы прорыты каналы пруды с островками и мостиками - и обаяние первоначального замысла здесь по-прежнему ощущается в середине xix века сад открыли для широкой публики а век спустя его превратили в городской детский парк со спортивными площадками и аттракционами сейчас таврический сад с ухоженными дорожками чугунными мостиками и оградой используется исключительно для неспешных прогулок,,
13808,сады и парки,александрино,,парк александрино объединил территории бывшей одноименной усадьбы и ульянки сначала эти земли принадлежали ивану чернышеву видному государственному деятелю но в 19 веке перешли во владение рода шереметевых пейзажный парк в александрино был распланирован николаем бенуа в годы великой отечественной войны парк частично разрушили восстановили постройки и живописную его часть только к середине 20 века сегодня здесь часто отдыхают местные жители но градозащитникам все время приходится быть начеку александрино находится под угрозой застройки,,
13809,сады и парки,марсово поле,,марсово поле - крупнейший мемориально-парковый комплекс в центре санкт-петербурга занимающий площадь почти в девять гектаров величественная панорама обширного партерного сквера с памятником жертвам революции ограничена с южной и восточной сторон летним и михайловским садами а северная сторона выходит к неве и площади суворова история марсова поля восходит к первым годам основания петербурга в 40-х годах xviii века потешное поле ненадолго превратилось в место для прогулок - променад здесь проложили дорожки газоны высадили цветы следующее название - царицын луг марсово поле получило после постройки летнего дворца для императрицы елизаветы петровны арх ф -б растрелли а в конце xviii века царицын луг стал военным плацем где воздвигли монументы посвящённые победам русской армии и устраивали парады и воинские учения в центре поля в 1799 году был установлен румянцевский обелиск который теперь находится в сквере у академии художеств а в 1801 в южной части поля поставили памятник а в суворову скульптор м и козловский великий полководец изображён в образе бога войны марса и с тех пор марсово поле и приобрело своё настоящее название памятник суворову был в 1818 году перемещён на суворовскую площадь с которой открывается великолепный вид на марсово поле среди наиболее ранних построек ансамбля марсова поля - мраморный дворец 1768-1785 арх а ринальди который сейчас находится в ведении русского музея во дворе мраморного дворца находится памятник предпоследнему русскому царю александру iii смысловым центром марсова поля является памятник павшим борцам революции 1917 года торжественно открытый 7 ноября 1919 года гранитные стены памятника с надписями-эпитафиями ограждают братские могилы жертв революции и гражданской войны в советское время идеология подчёркивала принадлежность павших к большевистскому режиму но в наши дни памятник приобрёл иное значение - монумента всем погибшим в нелёгкие послереволюционные годы в 1957 году в центре памятника был зажжён вечный огонь марсово поле - это символ памяти павших свидетель торжественных событий в истории русской армии и просто один из красивейших скверов санкт-петербурга,,
13810,сады и парки,полюстровский парк,,на месте полюстровского парка еще полвека назад были старые жилые постройки и свалка пока в 1967 году здесь не появился сад с регулярной планировкой это означает что вся его территория имеет строгую геометрическую разметку с прямыми тропинками и аллеями первоначально парк назывался в честь 50-летия октября что в советском союзе было традицией и только в 2007 стал полюстровским сегодня зона где располагается парк признана экологически чистой неподалеку работает завод по выпуску минеральной воды полюстрово говорят история местных минеральных вод началась еще при петре i император в надежде разгадать секрет богатырского здоровья жителей казачьей слободки нанял аптекаря а тот и выявил целебные свойства полюстровских вод с тех пор на воды приезжали со всей россии сегодня в полюстровском парке можно покататься на велосипеде и роликах принять участие в городских праздниках и отдохнуть у воды,,
13811,сады и парки,парк интернационалистов,,парк располагается между проспектом славы южным шоссе и жилой застройкой около кирпичного завода у станции метро ломоносовская некоторые урбанисты считают такое место для парка невыгодным из-за шума крупных автомагистралей однако до парка легко добраться даже из других районов здесь проходят многие маршруты общественного транспорта раньше на месте современного парка была деревня романово со множеством деревянных крестьянских домов затем постройки снесли но долгое время парк оставался заброшенным пустырем как объект садово-паркового искусства сад оформился лишь в 1986 году - в память о погибших в афганистане воинах на территории парка расположена система небольших искусственных озер с довольно чистой и прозрачной водой в которой водится рыба на территории парка стоит храм в честь георгия победоносца раньше в парке интернационалистов были своя детская площадка и маленькая лодочная станция но в начале 2010-х их снесли,,
13812,сады и парки,парк авиаторов,,парк сооружен в 1966-1970 годах на части территории бывшего корпусного аэродрома отсюда он и берет свое название парк имеет причудливую планировку дорожек а в центре парка оригинальный в плане пруд воды поступают по ответвлению лиговского канала в 1968 на берегу пруда открыт памятник военным летчикам на бетонном основании установили самолет-истребитель миг-19 архитекторы а с червякова и с а ушаков,,
13813,сады и парки,парк монрепо,,в первые послевоенные годы территория бывшего имения монрепо используется в качестве базы отдыха для военнослужащих в 1952 г главный усадебный дом и библиотечный флигель получают статус памятника архитектуры в доме размещается детский сад а флигель отдаётся под многоквартирный жилой дом монрепо становится парком культуры и отдыха цпкио имени м и калинина к началу 1960-х гг все деревянные парковые павильоны а также скульптура включая памятники на фамильном кладбище были утрачены в 1960 г комплекс усадебных построек парк и примыкающий лесной массив получают статус памятника истории и культуры республиканского значения в доме после вывода из него детского сада начинаются реставрационные работы в 1976 г производится ремонт накопительного бассейна источника нарцисс с установкой нового маскарона в виде головы льва отлитого по модели выборгской художницы т архангельской в 1981-1983 гг в целях установления исторической дорожной сети парка и исследования фундаментов утраченных павильонов в монрепо работает отряд выборгской архитектурно-археологической экспедиции ленинградского отделения института археологии ан ссср в 1985 г воссоздаются по проекту в в дмитриева въездные ворота монрепо состояние парка а также несоответствие между его историко-культурным значением и использованием в качестве цпкио побудило инициативную группу общественных деятелей выборга добиваться при поддержке академика д с лихачёва придания монрепо статуса музея-заповедника государственный историко-архитектурный и природный музей-заповедник парк монрепо был образован решением совета министров рсфср в 1988 г,,
13814,сады и парки,невский лесопарк,,невский лесопарк расположен во всеволжском районе ленинградской области это полотно из елей сосен осин берез площадью больше трех тысяч гектаров в лесопарке даже есть своя собственная речка - черная одна неширокая и больше напоминает большой ручей на западе лесопарка сохранилась усадьба покровка центральным сооружением которой является покровская церковь этот храм - точная копия покровской церкви на вытегорском погосте 1708 года постройки сегодня в покровке регулярно проводятся службы сам невский лесопарк не так давно был выведен из списка земель лесного фонда с тех пор территория пришла в запустение впрочем история повторилась после великой отечественной войны когда лес оказался под сплошным артобстрелом эти земли на некоторое время утратили свои красоту и богатство лесопарк пришлось буквально засаживать заново и теперь средний возраст деревьев в нем - 50 лет,,
13815,сады и парки,вепсский лес,, вепсский лес - особо охраняемая природная территория которая занимает площадь 189 1 тысяч га это уникальный созданный самой природой музей под открытым небом который находится в краю сосен рек родников водопадов и живописных лесов именно здесь всё выглядит так словно рука человека не касалась заповедных мест несмотря на то что тут издревле проживали вепсы - самобытный народ бережно хранящий свой язык и традиции - говорится на официальном сайте природного парка на территории парка проживает малая народность россии – вепсы у которой имеется самобытная культура и традиции здесь находятся краеведческие музеи и центры вепсской культуры которые призваны не только беречь культуру малого народа но и возрождать традиционные промыслы и ремесла в посёлке винницы ежегодно в июне проводится вепсский фольклорный праздник-фестиваль древо жизни,,
13816,сады и парки,александрия,,дворцово-парковый ансамбль александрия был резиденцией русских императоров в 19 веке и начала 20 века александрия расположена восточнее нижнего парка от которого ее отделяет каменная стена прорезанная звериными никольскими и морскими воротами парк александрия занимает две террасы прибрежную нижнюю и верхнюю причем основные его архитектурные сооружения к которым относятся капелла фермерский дворец и коттедж были возведены именно на последней парк александрия был устроен таким образом что из многих его точек можно увидеть море это придает пейзажу парка особенное своеобразие в 1725 году место на котором сейчас располагается парк александрия приобрел меньшиков здесь началось строительство его дворца которое так и не было завершено в связи с опалой петровского фаворита следующими владельцами этих земель стали политические противники меньшикова князья долгорукие которые обустройством своей новой собственности не занимались в 1733 году эта заброшенная местность стала собственностью императрицы анны иоанновны взошедшей на престол тремя годами раньше работы по устройству парка и строительству летнего дворца коттедж возглавил английский архитектор адам менелас завершились они в 1829 году дворец представлял собой небольшое двухэтажное здание в готическом стиле фасады которого были украшены балконами и террасами формирование романтического пейзажного парка шло в одно время со строительством дворца при создании парка александрия использовались самые разные породы деревьев и кустарников в том числе и редкие и экзотические облик парка складывался не только из аллей извилистых тропинок холмов полян разнообразной растительности но и из различных декоративных элементов скульптур беседок и караулок в которых использовались элементы готической архитектуры готический стиль характерен для всех построек александрии от дворца коттедж до фермерского дворца и готической капеллы,,
13817,сады и парки,сад 9-го января сад памяти жертв расстрела 1905 года,,началом строительства парка можно считать 1 января 1920 года разработка проекта была поручена известному садоводу р ф катцеру первоначально парку было присвоено имя – сад в память жертв расстрела 9 января 1905 года его разбили на том самом месте откуда рабочие нарвской заставы в памятное кровавое воскресенье двинулись с петицией к зимнему дворцу у нарвской заставы ныне площадь стачек они были встречены и расстреляны войсками в 1924 году вдоль парка со стороны проспекта стачек была установлена решетка выполненная по проекту архитектора р ф мельцера и получила две золотые медали на всемирной выставке которая проводилась в париже во время великой отечественной войны парк сильно пострадал во время блокады деревья подверглись вырубке а земля была раскопана под огороды после войны парк восстановили и расширили чуть позже парк модернизировали для детей построили спортивные и игровые площадки,,
13818,сады и парки,пискаревский парк,,пискаревский парк возник в 60-х годах прошлого столетия как продолжение мемориальной зоны одноименного кладбища особенность его происхождения а власти ленинграда задумали из обыкновенного лесного участка сделать место отдыха до сих пор накладывает отпечаток на его облик этот парк меньше других в петербурге облагораживается и меняется по словам местных жителей зимой и вовсе превращается в непроходимую лесную чащу впрочем летом здесь все-таки можно не просто прогуляться среди берез осин и сосен но и заняться спортом пискаревский парк почти сразу же с момента возникновения облюбовали лыжники - неподалеку находится школа воспитавшая не одно поколение знаменитых на всю страну спортсменов сегодня немногие вспомнят не самые светлые страницы в истории пискаревского парка на некоторое время эта лесная зона стала последним пристанищем для советских солдат - в годы великой отечественной войны по ее северной границе проходил противотанковый ров некоторые краеведы утверждают что после сражений здесь выкапывали целые братские могилы,,
13820,сады и парки,любашинский парк,,любашинским парком или садом называют зеленую зону в калининском районе петербурга свое название сад получил в честь расположенного неподалеку любашинского проспекта но впервые его так назвал историк кирилл страхов журналисты подхватили идею и с тех пор это наименование постоянно появляется на страницах муниципальной газеты финляндский округ любашинский сад в летнее время утопает в зелени здесь можно лежать на газонах и греться под редким петербургским солнцем среди местных жителей это место популярно для прогулок с домашними животными для детей на одной из полян расположилась небольшая игровая площадка раньше сердцем любашинского парка был пруд в самом его центре но теперь водоем полностью высох обнажив бетонное дно впрочем и пустующей территории нашли применение здесь часто можно встретить любителей покататься на скейтбордах и роликах,,
13821,сады и парки,румянцевский сад,,румянцевский сад на васильевском острове чаще именуют садиком из-за его небольших размеров и уютной атмосферы сегодня это место облюбовали студенты находящихся неподалеку санкт-петербургского государственного университета и академии художеств до конца 18 века на месте румянцевского сада был парадный плац кадетского корпуса в 1799 году император павел приказал создать обелиск в честь побед русской армии под командованием фельмаршала графа петра румянцева но установить его на марсовом поле памятник перенесли на бывший плац только в 1828 году сделав его центром нового городского сада однако своим появлением сад между линиями васильевского острова и университетской набережной обязан петербургскому купцу соловьеву обустройство парка обошлось торговцу в 25 тысяч рублей но историческая несправедливость взяла верх власти столицы отказались называть сад именем соловьева и его проект стал называться румянцевским но неофициальное название - соловьевский сад - да этим место все-таки закрепилось хотя из современных петербуржцев мало кто об этом знает румянцевский сад среди горожан славился своими широкими аллеями ровно посаженными деревьями музыкальным павильоном и разными увеселительными мероприятиями за прогулки по парку взималась плата которая отчислялась в городскую казну в советское время фонтаны в румянцевском садике были закрыты музыкальный павильон разрушен а растительность долго оставалась неухоженной отреставрировали парк только в 2002 году,,
13822,сады и парки,парк полежаевский,,история этого парка в красносельском районе петербурга началась в 1840-м году тогда граф кушелев купил имение семьи буксгевденов и семь деревень неподалеку для работы над будущим парком новый хозяин позвал популярного тогда петеребургского архитектора штакеншнейдера он представил английский проект с пейзажной структурой многочисленными дорожками и аллеями современное название парка появилось только в конце 19 века когда дачу у наследников графа кушелева после его смерти выкупил купец полежаев вместе с сыном он в 1909 году возвел здесь дачный поселок эпоха упадка в истории полежаевского парка началась со времен великой отечественной войны - эта территория на два года оказалась частью фронта именно после войны парк перестал существовать как единое целое сейчас в парке не сохранились строения 19 века среди местных жителей даже существует легенда что по ночам здесь возникает дом-призрак - разобранное по кирпичиком здание усадьбы графа кушелева,,
13823,сады и парки,пулковский парк,,просторный живописный парк в московском районе санкт петербурга располагается неподалёку от станций метро московская и звёздная к югу от площади победы на территории между киевским и московским шоссе закладка парка началась в 1980 году по проекту архитектора лелякова в центральной части парка расположен храмовый комплекс состоящий из трех церквей часовни и хозяйственных построек каждое здание в этом ансамбле образец определенного стиля и память о важном событии например церковь рождества христова выполнена в неорусском стиле церковь святого георгия победоносца возведена в честь подвига российских воинов в великой отечественной войне в основании здания заложены капсулы с землей из городов-героев интересно что на окраине парка сохранились доты времен великой отечественной войны они были построены как часть оборонительного рубежа ижора который и проходил по территории нынешнего московского района сейчас летом на этих сооружениях упражняются в спуске велосипедисты а зимой дети катаются с импровизированной горки,,
13824,сады и парки,парк строителей,,парк строителей - один из самых просторных в невском районе неподалеку расположились станции метро улица дыбенко и проспект большевиков его площадь составляет почти три гектара а молодые деревья посаженные там еще только подрастают что делает похожим парк скорее на большое зеленое поле история возникновения парка довольно прозаично сделать это место зоной отдыха решила администрация невского района в итоге территорию между улицами антонова-овсеенко и подвойского и проспектами дальневосточным и большевиков засадили газоном и деревьями парку не раз угрожали застройкой так например появились спорткомплекс и жилые дома на улице антонова-овсеенко и церковь апостола петра прямо посередине паркового пространства этот белокаменный храм заложили в 2005 году по проекту архитекторов лебедева и корытченкова,,
13825,сады и парки,сад бенуа,,трудно представить что еще полвека назад на месте парка бенуа работал самый настоящий совхоз поставлявший ленинградцам молоко и мясо а началось все в 1890-х годах когда территорию между нынешними тихорецким и светлановским проспектами проспектом науки и улицей веденеева на окраине петербурга взял в аренду архитектор юлий бенуа в 1904 году бенуа достроил здесь ферму которая очень быстро стала лучшей в городе хозяйство ее считалось богатым и разнообразным а работники - зажиточными даже во времена первой мировой ферма только процветала потому что высоко вырос спрос на молоко октябрьская революция тоже не навредила усадьбе бенуа превратив ее в совхоз с началом нэпа здесь стали выращивать картофель разводить свиней кур и кроликов с началом великой отечественной войны большую часть работников пришлось эвакуировать но хозяйство ни на день не прекращало работы после войны ферме присвоили звание племенного завода однако город вплотную подступил к ее границам - совхозу пришлось переезжать в конце 1970-х на территории бывшей фермы построили башню института робототехники и технической кибернетики спустя десятилетие физики были вытеснены лириками дачу бенуа передали школе художественного образования сам великий художник илья глазунов собирался создать там образовательный центр всероссийской академии художеств к несчастью в 2001 году ферма и постройки вокруг нее сгорели свое нынешнее название - сад бенуа - эта территория получила в 2006 с 2014 года новый владелец сада занимается его реконструкцией с целью создать образовательный центр,,
13826,сады и парки,екатерининский парк,,наряду с дворцовым комплексом неотъемлемой частью царскосельской императорской резиденции являются парки прежде всего главные из них - екатерининский и александровский получившие эти названия по находящимся в них дворцам екатерининский парк состоит из двух частей регулярного старого сада и пейзажного английского парка старый голландский сад основал по преданию сам петр i эту легенду приводит в своем сочинении достопамятности санкт-петербурга и его окрестностей 1817 п п свиньин петр i заезжая иногда сюда прохлаждаться молоком к старой голландке сарре пленился местом сим… и собственноручно насадил платановые и дубовые аллеи так или иначе но именно голландские мастера садово-паркового дела я роозен и и фохт распланировали в 1720-х годах старый сад на трех уступах перед царицыным дворцом в это же время на третьем уступе были устроены зеркальные пруды а на речке вангазе стекавшей с холма - еще два пруда верхний большой и мельничный позже вошедший в систему каскадных или нижних прудов в середине xviii века сад был расширен перепланирован и украшен скульптурой ф -б растрелли спроектировал павильоны эрмитаж и грот а также катальную гору большой пруд с расположенным на острове люстгаузом увеселительным павильоном приобрел форму шестиугольника и был обведен аллеями наконец в 1770-х годах архитекторы в и и и в нееловы построили в саду комплекс адмиралтейства эрмитажную кухню верхнюю и нижнюю ванны вдоль границы сада до самых нижних прудов протянулся продольный каскадный канал с двенадцатью плотинами екатерина ii спешила явить просвещенной европе сад не только разбитый в новейшем вкусе но и украшенный памятниками прославляющими величие ее царствования так в честь российских побед в русско-турецких войнах были воздвигнуты в 1770-1780-х годах башня-руина чесменская морейская крымская колонны кагульский обелиск турецкий киоск и турецкий каскад о чуткости императрицы - просветительницы и законодательницы - к новейшим веяниям в искусстве свидетельствовали павильон холодная баня с агатовыми комнатами и камеронова галерея концертный зал и другие классицистические постройки сооружение литых чугунных готических ворот и множества металлических мостиков демонстрировало высокий уровень развития русской промышленности в свою очередь разнообразные по художественному решению парковые павильоны и беседки напоминали о том что сад создан для удовольствий и отдыха в начале xix века к числу памятников русской славы прибавились ворота любезным моим сослуживцам посвященные победе над наполеоном а в середине столетия ансамбль екатерининского парка был завершен павильоном турецкая баня наконец в 1865 году на лугу перед южным фасадом зубовского флигеля был устроен собственный императорский садик с большим мраморным фонтаном и перголой - верандой в итальянском стиле,,
13827,сады и парки,лопухинский сад,,новая история лопухинского сада началась с середины 19 века когда владельцем этого места на каменном острове стал купец громов архитектор винтергальтер построил для него деревянную дачу - образец ранней эклектики с элементами классицизма с тех пор городская усадьба громова стала излюбленным местом высшего света для гуляний и вечеринок многие современники купца вспоминали его дачу как роскошное место для увеселений и уединения в 1890-х годах на тогда уже бывшей даче громова любил бывать антон павлович чехов писатель приезжал в гости к другу литератору ясинскому после революции дача громова и лопухинский сад стали носить имя феликса дзержинского историческое название парку вернули только в 1990-х годах тогда же провели реставрационные работы превратив сад в типичный пейзажный с гранитными спусками к воде и аккуратными аллеями с наступлением 21 века над лопухинским садом нависла угроза застройки компания арендовавшая у города эту территорию на 49 лет собиралась построить здесь многоэтажный отель только в 2013 году градозащитникам удалось остановить процесс стройки в 2015 году лопухинский сад вновь открыли для посетителей после реконструкции,,
13828,сады и парки,орловский парк,,орловский парк как и почти все пригородные парки петербурга относится к типу пейзажных или английских такие сады всегда являли собой торжество естественных форм и того искусства что неотличимо от природы во все времена мастера английских методов в садово-парковом искусстве отводили большую роль сюрпризу в орловском парке таким неожиданным поворотом считается одноименный пруд в самом его центре водоем появился на этом месте еще в петровские времена после сооружения плотины на реке стрелка кроме него в парке есть еще два рукотворных но небольших водоема сам парк зародился как часть усадьбы графа орлова сына одного из знаменитых братьев орловых сподвижников екатерины великой с чьей помощью она и взошла на престол дачу в этой местности построили к 1839 году по проекту садовникова он же создал и парковый ансамбль до наших дней сохранились лишь некоторые сооружения орловской усадьбы это непосредственно ворота дом привратника и туфовый мостик во времена великой отечественной войны большая часть усадьбы и парка была разрушена многие садовые украшения были похищены во второй половине 20 века эти территорию завново засадили березами кленами елями ясенями и лиственницами,,
13829,сады и парки,матвеевский сад,,сад образованный в 1930-х годах на месте бывшей прицерковной территории является важной рекреационной зоной для жителей этой части петроградской стороны на участке сада примыкающем к кронверкской и большой пушкарской улицам оборудована детская площадка в центре сада находится невысокий холм на его месте и вокруг него до 1932 года находилась церковь апостола матфия и покрова пресвятой богородицы конец xviii - начало xix века арх л и миллер в 1923 году храм получил статус собора а в 1932 году был закрыт и взорван по постановлению леноблисполкома обломки были сгруппированы в центре и засыпаны в результате чего образовался существующий холм летом 2001 года археологической экспедицией северо-западного нии наследия иимк ран проводилось историко-археологическое изучение матвеевской церкви по результатам которого территория местоположения исторических храмов принята на учёт кгиоп санкт-петербурга в качестве охраняемых памятников истории и культуры,,
13830,сады и парки,пионерский парк,,пионерский парк сегодня располагается на землях некогда принадлежавших князю амабелек-лазареву известному промышленнику и владельцу нескольких роскошных домов в разных странах европы сам парк как место отдыха оформился лишь к 1968 году инициатором акции стали рабочие предприятий калининского района свое название парк получил от находящегося неподалеку дворца пионеров современного дворца детского и юношеского творчества раньше здесь проходили пионерские линейки а теперь соревнования авиамоделистов из истинно комсомольского места в ленинграде пионерский парк сегодня превратился в романтический и тенистый уголок в среди оживленных улиц здесь часто прогуливаются с детьми для которых в центре парка оборудована площадка для игр с собаками занимаются спортом и рисованием,,
13831,сады и парки,парк лесотехнической академии,,местность которую сейчас занимает парк лесотехнической академии в начале 19 века принадлежала капитану александру давидсону но в 1809 году эти земли конфисковали а в 1811 передали лесному институту в 1825 году в парке состоялась одна из самых громких дуэлей в петербурге стрелялись адьютант императора александра i владимир новосильцев и гвардеец константин чернов оба противника погибли в этом же году министр финансов егор канкрин взялся за обустройство парка хотя к тому времени студенты института частично облагородили его в ходе занятий по геодезии в 1830 году проектом парка занялся придворный садовник джозеф буш он превратил тропинки в обустроенные улицы осушил территории и проложил каналы однако денег на реализацию идей иностранного специалиста уходило много и земли стали понемногу продавать так некоторые части парка стали дачной территорией а западная его часть превратилась в древесный питомник по южной границе парка в начале 20 века проложили соединительную ветку финляндской железной дороги в 1917 году луначарский неподалеку от нее приказал похоронить погибших рабочих завода новый лесснер на месте захоронения установили памятник в виде деревянного куба который заменили на гранитный обелиск только в 1953 году,,
13832,сады и парки,сквер им в ф маргелова,,сквер назван в честь василия филипповича маргелова генерала армии ссср он командовал военно-десантными войсками более двадцати лет за это время василий филиппович стал десантником номер один ему были присуждены многочисленные награды в том числе 13 орденов ссср 34 награды иностранных государств и т д в рязани именем маргелова назван институт вдв,,
13833,сады и парки,аллея славы пожарных,,эта аллея появилась в начале xxi века можно сказать что скульптуру установили к 201-летию пожарной охраны потому что указ о ее создании подписал александр i в далеком 1803 году петербургские борцы с огнем считались лучшими в империи хотя бы потому что северная столица в отличие от москвы новгорода и других крупных городов никогда не выгорала полностью сегодня на аллее пожарных всегда можно встретить неспешно прогуливающихся горожан неподалеку расположилась набережная невы а если пройтись по району то можно увидеть здание пожарной охраны на его крышу поместили настоящую рабочую машину - ту самую на которой огнеборцы служат городу,,
13834,сады и парки,английский парк,,английский парк - первый пейзажный в петергофе - для императрицы екатерины ii создавал садовый мастер джеймс медерс как и многие петергофские сады большую часть английского занимают водоемы английский пруд троицкий ручей петергофский канал и несколько безымянных до правления екатерины великой вокруг английского пруда располагалась территория для охоты на кабанов но императрица чуткая ко всему прекрасному приказала зверинец устранить а на его месте возвести пейзажный парк в конце 18 века кваренги возвел здесь дом для уединения екатерины ii английский дворец который павел i превратил в казармы в годы великой отечественной войны дворец был полностью разрушен восстанавливать его не стали,,
13835,сады и парки,петровский парк г кронштадта,,основной достопримечательностью парка является монумент основателю кронштадта - петру великому работы скульптора т жака установленный в 1841 году на набережной парка находится парадная - петровская пристань а также мемориальное полуденное орудие и памятная стела в честь российских моряков - героев цусимского сражения напротив петровского парка располагается уникальный ансамбль губернских домов предназначавшихся для военных моряков и гражданского населения в него входит также дом графа миниха в этом здании в разное время работали военные губернаторы кронштадта и главные командиры кронштадтского порта с восточной стороны петровского парка располагается здание морского артиллерийского арсенала оно было построено в 1836 году по проекту архитектора и г гомзина изначально в здании осуществлялись ремонт орудий а также хранение моделей кораблей и различных боевых трофеев российского флота,,
13837,сады и парки,малоохтинский парк,,этот парк между невой и охтой открыли в 1960 году первую и пока единственную реконструкцию этого места отдых провели только в 2007 году тогда старые и больные деревья заменили новыми саженцами обустроили цветники выложили камнем дорожки для прогулок и поставили скамейки в 2011 году малоохтинский парк из места для семейного отдыха превратился в настоящее культурное пространство здесь открылась постоянная выставка городской скульптуры - восемь фигур олицетворяющих дружбу россии и италии среди скульпторов чьи работы теперь красуются в парке проводился конкурс лучшей была признана статуя антонины фаткулиной дали созерцающий местные жители отзываются о малоохтинском парке с любовью хотя среди минусов называют не самый живописный вид на некоторых его окраинах тем не менее здесь вы почти наверняка всегда встретите и молодых мамочек с колясками и веселых собачников с питомцами и просто загулявшихся зевак,,
13838,сады и парки,зеленогорский парк культуры и отдыха,,этот парк расположился на берегу финского залива в одном из самых популярных пригородов петербурга зеленогорске этот населенный пункт возник на склонах береговых террас еще во второй половине 19 века тогда от столицы до зеленогорска можно было добраться за пару часов по финляндской железной дороге териок так поначалу назывался зеленогорск очень скоро стал излюбленным местом столичных дачников здесь царила творческая атмосфера постоянно работали известные писатели и художники сбегая от суеты тогда уже шумного петербурга популярным местом в териоке был городской парк ставший своеобразным культурным центром для местных жителей сегодня здесь открыт музей ретро-автомобилей и яхт-клуб центральная аллея зеленогорского парка выводит прямиком к золотому пляжу куда летом съезжаются туристы из разных концов ленобласти некогда дачный сад сегодня стал полноценным парком культуры и отдыха в 2012 году здесь появилось настоящее колесо обозрения высотой 37 метров картинг веревочный парк и детские аттракционы,,
13839,сады и парки,сад фонтанного дома,,сад фонтанного дома не так просто увидеть с литейного проспекта для того чтобы добраться до шереметьевского садика это второе название надо заметить арку у 53-го дома и пройти во двор здесь гуляет очень мало людей в основном это поклонники творчества анны ахматовой которые приходят в музей великого поэта-женщины,,
13840,сады и парки,сад василеостровец,,сад василеостровец занимает небольшую площадку между линиями васильевского острова разбили сад около двухсот лет назад василеостровец получил свой современный облик после великой отечественной войны,,
13841,сады и парки,городской сад г колпино,,городской сад на пересечении современных бульвара победы и проспекта ленина появился еще в конце 19 века тогда в колпине построили здание клуба морского собрания а рядом с ним разбили сад правда прогуляться по его аллеям можно было лишь в летнее время - зимой он попросту был закрыт сезон обычно начинался в мае с празднования троицы в центре сада устанавливали эстраду где по выходным и праздникам играл духовой оркестр саперного батальон в 1907 году здесь появился настоящий летний театр где на открытой сцене играли драматические оперные и комические спектакли очень популярными были представления для детей с играми и фокусами с 1911 года в саду дважды в неделю проводились народные гуляния что-то вроде современных танцевальных вечеринок в начале нашего столетия колпинский сад начали реставрировать ремонтные работы закончились только к 2007 году с тех пор в парке ежегодно высаживают до 100 тысяч тюльпанов и каждую весну пространство превращается в цветочное полотно,,
13842,сады и парки,воронихинский сквер,,воронихинский сквер назван в честь своего создателя архитектора воронихина правда градостроитель задумывал его как площадь перед казанским собором по плану богатые прихожане оставляли бы там свои экипажи на время службы так архитектор презентовал свою программу императрице марии александровне в 1805 году государыня проект одобрила и даже отдала архитектору часть земель воспитательного дома в 1811 году в петербурге был объявлен конкурс на ограду для площади воронихина точнее на материал для нее к концу года площадь окружили 150 метров решетки производства завода берда по сей день эта ограда считается одной из самых красивых в городе правда воронихинская площадь так и не стала главной уступив эту роль казанской после нескольких неудачных попыток превратить это пространство в торговые ряды площадь воронихина стала сквером парк по эскизам архитектора штегемана обустроили к 1865 году с тех пор среди жителей это место стало называться то воронихинским сквером то казанским фонтан в центре парка появился только в 1935 году,,
13843,сады и парки,лесопарк тарховка,,название этой части нынешнего сестрорецка на финском языке звучит как сеппялянкюля что означает деревня кузнеца правда будучи уже российской территорией тарховка быстро лишилась своего прошлого названия и превратилась в дачный поселок дачный бум в этих местах начался с введением в эксплуатацию приморской железной дороги тогда в конце 19 века в тарховке создали целое общество содействие благоустройству специальная комиссия решала вопросы межевания земель и состояния общественных участков жандарм следил за порядком и рабочей молодежью из ближайших поселков которая играла в футбол где не следует а особенный комитет разрабатывал программу досуга для местных жителей в советское время тархова перестала быть дачным поселком в здешних здания расположились детские сады пионерские лагеря и санатории в наше время железнодорожная станция тарховка уже не работает а на ее месте располагается церковь александра невского перенесенная из лисьего носа,,
13844,сады и парки,сад олимпия,,сад олимпия был разбит в 1946-1947 году на месте разрушенных во время великой отечественной войны кинотеатра олимпия и клинского рынка проект перепланировки участка разработали архитекторы в а каменский и г л ашрапян,,
13845,сады и парки,парк им есенина,,парк имени есенина до 2012 года - парк большевиков назван в честь великого русского поэта предназначен не только для неспешных прогулок но и для экстремального отдыха поскольку есть аттракционы сам парк представляет собой зелёную зону с прудом есть спортивная площадка протекает река оккервиль в водах которой обитают утками в начале xxi века территория парка бурно застраивалась 6 октября 2013 года к 118 годовщине со дня рождения в парке торжественно открыт памятник сергею есенину а также заложена аллея литераторов весной-летом 2014 года в парке проведено благоустройство обновлены пешеходные дорожки расчищены дренажные канавы установлено освещение,,
13846,сады и парки,буферный парк,,парк используется как площадка для проведения различных мероприятий празднования дня рождения г пушкина международного фестиваля современной культуры пушкин – драйв это масштабный концерт под открытым небом в котором принимают участие как начинающие так и популярные команды из разных городов россии и европы среди всех парков города буферный является самым молодым парком высадка деревьев и устройство парка происходило в период с 80-90-х годов 20 века закладка парка была связана со строительством новых домов и расширением городских территорий пушкина название парку дало его месторасположение так как он является буферной зоной между городом и землями совхоза шушары парк представляет собой довольно обширную ровную местность в 110 га с элементами паркового благоустройства главным его украшением является система из пяти прудов в 2007 году в парке было посажено 300 берез в честь 300-летия царского села из исторических артефактов на территории парка есть остатки бывшей царской железной дороги,,
13847,сады и парки,сад академии художеств,,сад при академии художеств возник в течение ее строительства то есть в 1764-1788 годах парк ограничен академическими корпусами с севера а с востока - мозаичными мастерскими первым ландшафтным дизайнером этого места стал архитектор эклебен он распорядился вырыть здесь первый пруд для купания в 1776 году потом руководитель академии художеств предлагал простроить в саду четыре портика каждый из которых символизировал бы искусство древних греции египта персии и рима за проект с охотой взялся александр брюллов но так и не закончил его в итоге в саду появился лишь один садовый корпус напоминающий древнегреческую архитектуру регулярным сад при академии художеств стал лишь в середине 19 века планировкой пространства занялся архитектор тон его вариант сохранился до наших дней в академическом саду проложили дорожки и установили ограду хотя та что обрамляет сад сейчас была установлена только в 1890 году в 1847 году в центре парка поместили гранитную колонну история ее необычна монумент в точности повторяет те что подпирают своды казанского собора колонну высекли на случай если какая-то из основных повредится однако ничего непредвиденного не произошло и колонна оказалась в центре академического сада в первоначальном варианте монумент венчал шар но после его установки около академии художеств шар заменили на лиру - символ искусства,,
13848,сады и парки,нижний парк,,нижний парк создавался по образцу регулярных садов и сохранил все особенности своих французских оригиналов хотя к настоящему времени исчезли многие декоративные элементы время не смогло уничтожить дивную архитектурную гармонию сада созданного ж -б леблоном талантливым учеником творца версальских садов а ленотра парк разделен на три связанные между собой части центральную парадную западную марлинскую и восточную монплезирскую даты формирования ансамбля 1714 - 1723 гг архитекторы иоганн фридрих браунштейн годы жизни неизвестны жан-батист леблон 1679-1719 н микетти 1675-59 франческо бартоломео растрелли 1700-1771 андрей никифорович воронихин 1759-1814 андрей иванович штакеншнейдер 1802-1865 садовые мастера л гарнихфельт а борисов б фок т тимофеев планировку нижнего парка определяют две системы аллей расходящихся веером от большого дворца и дворца марли схема планировки продумана настолько глубоко что ни одно садовое украшение ни одна деталь не прячется от взглядов гостей каждая аллея заканчивается либо дворцом либо фонтаном для регулярного парка характерно симметричное расположение его основных сооружений на склонах возвышенности устроены каскады – большой в центральной части у подножия парадного дворца шахматная гора в восточной части и золотая гора в западной части перед каждым из них – парные фонтаны чаши римские менажерные только один из четырех каскадов нижнего парка расположен в партере – это самый поздний по времени создания львиный каскад но именно он завершает воплощение идеи петра заложенной в композиции парка каждому дворцу и павильону соответствует свой каскад парк площадью 112 5 гектаров украшают около 150 фонтанов среди которых столь любимые детьми и взрослыми шутихи дубок зонтик елочки водяная дорога и диванчики,,
13849,сады и парки,сампсониевский сад,,сампсониевский сад был разбит в 1927-1928 годах и тянется до сампсониевского собора находящегося на большом сампсониевском проспекте в советское время сад носил имя карла маркса до реконструкции гренадерского моста 1975 и появления гренадерской улицы 1976 сад простирался дальше в 1996 году в створе сампсоньевского собора был открыт памятник первостроителям петербурга работы михаила шемякина архитектор вячеслав бухаев,,
13850,сады и парки,нижний отдельный парк в г пушкине,,в южной части пушкина по правую сторону софийского бульвара начинается так называемый отдельный парк который простирается вплоть до павловска сейчас этот парк чаще именуют нижним парком обширная территория которую занимает нижний парк сегодня ограничена павловским шоссе московским шоссе софийским бульваром а также железнодорожной линией октябрьская железная дорога в отличие от остальных царскосельских парков бывший императорский отдельный парк был разбит на обособленном участке земли за что и получил свое название в 1824-1825 гг с целью осушения окрестной местности здесь был вырыт колонистский пруд а еще ранее на другой стороне были построены здания дворца великого князя бориса владимировича в стиле английских коттеджей,,
13851,сады и парки,колонистский парк,,этот пейзажный парк как и луговой был распланирован архитектором штакеншнейдером и инженером эрлером во время правления николая i свое название место получило из-за домов немецких колонистов коих здесь на бывшем охотном болоте было немало большую часть парка занимает ольгин пруд названный так в честь дочери императора символами колонистского сада считаются ольгин и царицын павильоны выполненные в разных мраморных цветах как и многие петергофские достопримечательности колонистский парк был частично разрушен в военные годы реставрировать его начали только в 2001 году и за четыре года вернули этой территории первоначальный облик,,
13853,сады и парки,парк малиновка,,парк малиновка в красногвардейском районе петербурга известен каждому горожанину ведь его территория неоднократно становилась объектом споров одни желали построить здесь жилой комплекс другие - православный храм однако правительство северной столицы приняло сторону защитников парка малиновка известный так же как парк 49-го квартала ржевки-прохоровых назван в честь протекавшей здесь когда-то речки этот приток охты был известен еще с 18 века но в 1970-х годах речка была засыпана сейчас из водоемов здесь остались только пруды а современный парк появился спустя десятилетие в 1980-х годах официальное название - парк малиновка - эта территория получила в конце 2000-х годов,,
13854,сады и парки,сад венеры и сад бахуса,,сады венеры и бахуса появились в петергофе в первой половине 18 века внешне парки что называется регулярны геометричны протянувшиеся вдоль стен симметрично разделенные тропинками сад венеры планировался как фруктовый а вот главным украшением сада бахуса стал марлинский каскад и связанные с ним фонтаны правда петр i рассчитывал выращивать здесь виноград но суровый климат северной столицы оказался беспощадным к идее императора во время войны парки были частично разрушены их реставрация продолжалась вплоть до 1980 года сегодня оба сада восстановлены и принимают туристов,,
13855,сады и парки,сквер им андрея петрова,,в 2006 году на каменоостровском проспекте между домами 26-28 и 32 был открыт сквер имени композитора андрея петрова в скульптурную коллекцию первая скрипка входит восемь скульптур бронза патина высота 1 1 м до 2 3 м - художественных символов миссии композитора скрипка - яблоко как символ искушения музыкой скрипка-туфелька - символ музыкального эксперимента скрипка-женщина муза композитора - символ вдохновения скрипка-кресло трон композитора - символ музыкальной паузы скрипка-лебедь реквием - символ музыкального совершенства скрипка-граммофон - символ музыкальной классики и две идентичные скульптуры скрипка-сфинкс - символ охраны музыкального наследия на музыкальной площадке сквера будут проходить концерты под открытым небом проводиться фестивали и конкурсы музыкантов приуроченные ко дню рождения петрова,,
13856,сады и парки,парк имени в и ленина в г выборге,,парк ленина - один из самых больших парков выборга он располагается от ленинградского проспекта до суворовского проспекта в длину и от проспекта ленина до библиотеки а аалто в парке есть несколько достопримечательностей самая известная - скульптура лось около парка находится библиотека алвара аалто и дворец культуры города выборга,,
13857,сады и парки,сквер им ольги берггольц,,сквер имени той что была музой блокадного ленинграда в современном петербурге появился лишь в сентябре 2014 года его открыли недалеко от места последней дуэли пушкина во дворе дома №20 по набережной черной речки там ольга берггольц прожила 16 лет сквер быстро стал культурной площадкой здесь почти всегда можно услышать стихи ольги берггольц - те что звучали во время блокады ленинграда ее строчки высечены и на памятнике установленном в центре садика сама скульптура представляет собой целую композицию печатную машинку дневник поэтессы и микрофон в радиорубке авторами скульптур стали архитектор валентин федоренко и целая группа молодых авторов ольга берггольц родилась в петербурге и всю жизнь неразрывно была связана с родным городом в 1942 году ей вручили медаль за оборону ленинграда ведь поэтесса наравне с другими блокадниками провела страшные 900 дней и ночей,,
13858,сады и парки,павловский парк,,павловский дворец и парк - единый дворцово-парковый ансамбль эпохи классицизма конца xviii - начала xix века история павловска начинается с момента основания павловска в 1777 г первоначально это были лесные угодья где устраивались царские охоты на примере павловска камерон впервые развивает идеи и принципы новой ландшафтной архитектуры так как будущий парк представлял собой лесной массив то работа была начата с прорубки просек при ч камероне возникают почти все основные парковые композиции - придворцовый район большая звезда долина реки славянки зверинец и белая береза большая широкая просека которая оформляется в тройную липовую аллею становится образующей придворцового района примыкающего ко дворцу здесь камерон использует прием регулярной планировки ярким примером которой являются собственный садик и вольерный участок в дальнейшем архитекторы в бренна а н воронихин к и росси не меняя камероновского плана этих районов вносят свои дополнения и обогащают их общий характер павловский парк расположенный по обоим берегам славянки завершается красной долиной которая является продолжением долины р славянки и была оформлена п гонзага в ансамбль красной долины входят романтические постройки созданные камероном - руины и краснодолинный или елизаветин павильон а также новосильвийский и краснодолинные мосты,,
13859,сады и парки,парк 300-летия петергофа,,этот парк был разбит и благоустроен в 2005 году в момент торжественного празднования трехвекового юбилея петродворца местные жители особенно ценят этот сквер за его немноголюдность здесь нет привычной для петергофа суеты и толчеи путешественников даже в самые жаркие туристические сезоны тихие зеленые аллеи парка и милые цветочные клумбы полюбились молодым мамам с детьми и всем тем кто хочет восстановить силы между экскурсиями сквер 300-летия петергофа находится возле известного всем нижнего парка неподалеку от фрейлинского дома близость финского залива и главных достопримечательностей петродворца делают его удачным местом для передышки уставшего туриста,,
13860,сады и парки,пейзажный парк,,еще при первой хозяйке царского села участок естественного леса расположенный за каменными палатами екатерины i огородили и устроили в нем зверинец в котором содержались дикие звери для царской охоты в середине xviii века зверинец был обнесен каменной стеной с бастионами на углах в двух из которых были построены увеселительные павильоны-люстгаузы в центре зверинца с и чевакинский возвел охотничий павильон монбижу от франц mon bijou - моя драгоценность окончательно отделанный как снаружи так и внутри по чертежам и под руководством ф -б растрелли между дворцом и зверинцем был распланирован регулярный новый сад пересеченный крестообразно расположенными аллеями и окруженный крестовым каналом в 1790-х годах к северо-востоку от регулярного нового сада началось устройство парка при строившемся александровском дворце сад в пейзажном стиле с тремя прудами и насыпными холмами создавался д бушем младшим в 1810-х годах работы были продолжены п в нееловым и д менэрсом а с 1817 года перешли к архитектору а а менеласу которому было поручено создание нового обширного парка на месте зверинца помощником а а менеласа стал садовый мастер ф лямин в 1819–1826 годах были снесены каменные стены на юго-западе и северо-востоке были добавлены новые обширные территории на которых устроили пруды и высадили деревья естественный лес на территории зверинца был превращен в парк с расширенной сетью дорог первоначально созданной д бушем а а менелас за короткое время построил в новом парке целый комплекс неоготических зданий белую башню шапель арсенал ламский павильон пенсионерную конюшню и ряд других наконец в середине xix века к императорским паркам был присоединен баболовский парк получивший название нового парка уже в начале xx столетия на северо-восточной территории александровского парка от дворца до египетских ворот вырос целый комплекс построек в неорусском стиле феодоровский городок феодоровский собор ратная палата казармы и конюшни конвоя царский вокзал а также необычное по новизне здание императорского гаража,,
13861,сады и парки,большой петровский парк,,большой петровский парк был разбит в середине xix столетия сам николай i распорядился о том чтобы появился этот парк на территории есть два пруда которые образовались из естественных заливов парк занимает площадь около 28 79 га,,
13862,сады и парки,верхний сад,,верхний сад расположенный на террасе перед южным фасадом большого дворца воспринимается сегодня прежде всего как парадный въезд в императорскую резиденцию это своеобразный зеленый вестибюль под открытым небом - гармоничный светлый просторный его планировка была выполнена по наброскам самого петра i и лишь незначительно менялась со временем композиционно сад связан с архитектурой большого дворца центральной части соответствует партер с зелеными газонами включающий в себя три бассейна с фонтанами расположенные на центральной оси по сторонам партера находятся два квадратных пруда и три пары симметрично расположенных боскетов обрамленных стриженым кустарником по принципу планировки боскеты называются квадратными косыми и круговыми со времен анны иоанновны верхний сад украшают пять фонтанов в боскетах у восточного пруда разбит розарий а у западного – возрожден петровский аптечный огород на грядках которого выращивают зверобой душицу эхинацею мелиссу мяту и другие лекарственные травы в результате комплексной реставрации проведенной на основе исторических документов в 1960-х годах верхний сад стал одним из лучших примеров восстановления регулярного парка xviii века,,
13863,сады и парки,парк тихий отдых,,парк тихий отдых находится на земле которая принадлежала семье императора здесь были построены коттеджи для знатных людей жить здесь могли только приближённые к царской семье но в xx веке всё изменилось и дачи вельмож перепланировали в санатории для обычных людей на сегодняшний день парк рассматривается как курортная зона отметим что здесь прошла дуэль великого русского гения а с пушкина и дантеса,,
13864,сады и парки,липовый сад,,липовый сад регулярной планировки простирается вдоль красноармейского проспекта он был посажен одновременно с голландскими садами и отделён от них рвом площадь липового сада менее одного гектара по конфигурации это узкий вытянутый в длину участок неравномерный по ширине в 1798 году здесь были высажены только липы которые и дали название саду позже в конце xix века все три сада - нижний и верхний голландские и липовый - сильно заросли сиренью дикой порослью,,
13865,сады и парки,польский сад,,музей-усадьба державина в 2000-х получила территорию польского сада который находился в запущенном состоянии была проведена реконструкция сейчас в саду есть несколько водоёмов высажены деревья и кустарники организованы цветочные клумбы территория сада занимает 1 га,,
13866,сады и парки,яблоневый сад,,яблоневый сад находится на территории бывшего совхоза ударник деревья высаженные в саду раньше были частью совхоза в конце xx века между деревьями появились пешеходные дорожки и скамейки тем не менее сад не выглядел ухоженным в 2000-х администрация города провела реконструкцию яблоневого сада сейчас здесь есть небольшой водоём насыпаны холмы для катания на санках зимой,,
13867,сады и парки,головинский сад,,первые упоминания о саде датируются началом 18 века усадьба находилась у слияния черной речки с большой невкой и принадлежала графу головину который являлся сподвижником петра i уже позже во второй половине 18 столетия на территории сада появилась усадьба г и головина он служил при петре великом и получил в дар от него эти земли и был внуком первого владельца он и построил особняк в классическом стиле с обширным садом оранжереями и теплицами в 1809 г дача головина почти на 50 лет перешла в ведение гофф-интендантской конторы и стала резиденцией членов царской семьи и высокопоставленных гостей затем здесь располагалась животноводческая ферма а после этого сюда переехало здание практического лесного училища,,
13868,сады и парки,сад сан-галли,,сад сан-галли назван в честь известного предпринимателя франца сан-галли у которого был чугуннолитейный завод располагавшийся на территории современного сада кстати паровой радиатор изобрёл как раз этот крупный промышленник кроме того этот сад известен и по другим причинам в 20-е годы xx века здесь произошло громкое бытовое преступление о котором сочинили песню тридцать три веселых хулигана девушку поймали у фонтана,,
13869,сады и парки,сад ивана фомина,,сад имени фомина был разбит в 90-годы xx столетия носит имя известного архитектора здесь есть не только разнообразные редкие деревья такие как например сакура но и большой пруд водится рыба на территории сада проходят спортивные соревнования и городские праздники а зимой здесь можно покататься на коньках для владельцев собак предусмотрена площадка для дрессировки животных,,
13870,сады и парки,строгановский парк,,на месте этого парка в xviii веке здесь располагалась дача графа а с строганова в 30-е годы xx века появилась военно-морская академия парк создан в xviii столетии,,
13871,сады и парки,сад веры слуцкой,,сад веры слуцкой назван в честь российской большевички которая в годы октябрьской революции была на фронте отвозила солдатам продукты и медикаменты в слуцкую попал военный снаряд и оборвал жизнь женщины вера климентьевна проживала в доме на 15-ой линии васильевского острова,,
13872,сады и парки,сад смольного собора,,архитектором смольного собора является растрелли здание находится на территории дворов где добывали смолу для строящихся кораблей в саду который находится вокруг собора есть несколько фонтанов они достаточно простой формы округлые чаши из которых вверх бьют струи воды разделены цветочными клумбами,,
13873,сады и парки,опочининский сад,,опочининский сад представляет собой небольшую территорию в 3 га в 30-е годы xx столетия появился этот сад стиль планировки пейзажный сейчас здесь есть места для игры с детьми,,
13874,сады и парки,никольский сад,,никольский сад появился в xviii веке своё имя он получил благодаря тому что на территории появился никольский морской собор здесь находится монумент посвящённый героям цусимского сражения кроме того в саду находится братская могила,,
13875,сады и парки,директорский сад,,директорский садик находится на территории санкт-петербургского государственного горного института имени г в плеханова в 1826 году для директорского садика был выделен отдельный участок обнесенный оградой из чугуна а вход в сад был украшен композицией из двух сфинксов кроме того в саду можно встретить группы памятников похищение прозепины геракл и антей,,
13876,сады и парки,парк им академика сахарова,,парк стал носить имя академика сахарова в 1996 году здесь находится монумент колокол мира который посвящён людям погибшим от атомной бомбардировки в хриосиме и нагасаки автор пямятника мацуока кунити японский скульптор в свою очередь работа м аникушина мать и дитя стоит в парке мира в японском городке нагасаки,,
13877,сады и парки,сад им 30-летия октября,,сад имени 30-летия октября появился в 40-е годы xx века благодаря комсомольцам силами которых был разбит этот сад над садом проходит железная дорога разделяющая его на части в xix веке здесь были смоляные амбары где добывали корабельную смолу,,
13878,сады и парки,благовещенский сад,,на месте благовещенского сада располагалась одноимённая церковь которая была разрушена сад находится под охраной государства поскольку представляет собой историческую ценность здесь до сих пор стоит часовня xviii столетия в начале xxi столетия сад был облагорожен и сейчас это место посещает большое количество гостей,,
13879,сады и парки,сад декабристов,,по легенде сад находится на том самом месте где были похоронены пять декабристов тем не менее фактического подтверждения этой информации нет в 50-е годы xx века появился сад декабристов это случилось после того как смылся намыв суши ближе к западу васильевского острова в начале xxi века в сад были посажены новые деревья созданы цветочные клумбы перестроены пешеходные дорожки,,
13880,сады и парки,палевский сад,,палевский сад возник в 1910-х гг раньше проспект елизарова именовался по фамилии уважаемого в городе фабриканта карла яковлевича паля он владел александро-невской мануфактурой переданной от отца в советское время сад назывался молодёжным но среди жителей бывшего села смоленского продолжало бытовать прежнее название сейчас его вновь закрепили за садом,,
13881,сады и парки,ломоносовский сад,,ломоносовский сад находится на месте спассо-преображенского кладбище которое находилось здесь в xx столетии рядом с садом находится станция метрополитена она открыта гораздо раньше чем был разбит сад в 2011 году было посажено 19 клёнов которые совпадают с датой рождения м в ломоносова 19 ноября,,
13882,сады и парки,сад спартак,,сад спартак спроектирован в пейзажном стиле здесь растут липы берёзы ясени и вязы ивы и тополи кроме того есть боярышник и жёлтая акация шиповник и калина общая площадь сада - около 27 гектаров из них около 1 5 отведено под спортивные сооружения хоккейные коробки футбольные поля дворец спорта большевик оборудованы места под шашлыки и барбекю в реке водится рыба и выдры в зимнее время склоны используются для спуска на санках и лыжах,,
13883,сады и парки,введенский сад,,введенский сад разбит в конце xix века недалеко от церкви введения во храм пресвятой богородицы которая строилась для лейб-гвардии семеновского полка церковь не сохранилась как не дошёл до наших дней и фонтан,,
13884,сады и парки,дёминский сад,,деминский сад разбит в 1933 г на месте снесенных корпусов бывшего завода русско-американского металлургического общества первоначально сад выходил к дёминской улице ныне - ул профессора качалова откуда и его название в 1950-е гг выход к этой улице перекрыл новый корпус не существующего ныне завода художественного стекла бывшего стеклянного завода который когда-то и основал андрей петрович дёмин одно время завод так и именовался - дёминская зеркальная фабрика а со стороны мельничной сад потеснила киностудия леннаучфильм,,
13885,сады и парки,выборгский сад,,выборгский сад начинает свою историю в 1874 году в ломанском переулке был построен особняк известного на тот момент петербургского мецената в а пашкова а рядом с домом владелец решил разбить небольшой сад в 1884 году фортуна от него отвернулась и вместе с группой сторонников - евангельских христиан - он был выслан из санкт-петербурга а всё принадлежащее ему имущество перешло в доход государства после событий 1917 года дом мецената был передан районному комитету большевиков травле в средствах массовой информации подверглась и церковь усекновения главы иоанна предтечи заложенная в сентябре 1901 епископом нарвским никоном располагавшаяся рядом в итоге у церкви были снесена колокольня и купола а в здании расположили спортзал в 1951-1953 годах была сооружена современная ограда которая представляет собой ряды металлических прутьев - копий между бетонными столбами увенчанными шарами подобные решения повсеместно использовались в послевоенное время в оградах а образцом принято считать решётку ассигнационного банка на садовой улице дом № 21 авторства д кваренги,,
13886,сады и парки,сад аничкова дворца,,сад аничкова дворца в xviii столетии был спланирован в регулярном стиле на территории находился зверинец но в начале xix века сад уменьшился по площади появилось здание библиотеки современный облик сад получил при николае i в перепланировке сада принимал участие к росси,,
